subj,month,sex,MOTedulevel,age_mom,PVTscore,MOTworkhours,SibsYN,Siblings6,Siblings18,SibGroup,SibGroup18,Total.words,Log.Totalwords,tokens_video,types_video,tokens_audio,types_audio,Log.tokens_video,Log.types_video,Log.tokens_audio,Log.types_audio
794,6,F,5,33,119.5,30,Y,1,1,One,One,0,0,0,0,0,0,0,0,0,0
794,7,F,5,33,119.5,30,Y,1,1,One,One,0,0,0,0,0,0,0,0,0,0
794,8,F,5,33,119.5,30,Y,1,1,One,One,0,0,0,0,0,0,0,0,0,0
794,9,F,5,33,119.5,30,Y,1,1,One,One,0,0,0,0,0,0,0,0,0,0
794,10,F,5,33,119.5,30,Y,1,1,One,One,0,0,0,0,0,0,0,0,0,0
794,11,F,5,33,119.5,30,Y,1,1,One,One,6,1.9459101490553132,0,0,0,0,0,0,0,0
794,12,F,5,33,119.5,30,Y,1,1,One,One,14,2.70805020110221,2,1,30,3,1.0986122886681098,0.6931471805599453,3.4339872044851463,1.3862943611198906
794,13,F,5,33,119.5,30,Y,1,1,One,One,77,4.356708826689592,24,7,59,6,3.2188758248682006,2.0794415416798357,4.0943445622221,1.9459101490553132
794,14,F,5,33,119.5,30,Y,1,1,One,One,145,4.983606621708336,5,5,24,6,1.791759469228055,1.791759469228055,3.2188758248682006,1.9459101490553132
794,15,F,5,33,119.5,30,Y,1,1,One,One,226,5.424950017481403,14,8,15,10,2.70805020110221,2.1972245773362196,2.772588722239781,2.3978952727983707
794,16,F,5,33,119.5,30,Y,1,1,One,One,288,5.666426688112432,25,9,60,13,3.258096538021482,2.302585092994046,4.110873864173311,2.6390573296152584
794,17,F,5,33,119.5,30,Y,1,1,One,One,372,5.921578419643816,64,21,163,44,4.174387269895637,3.091042453358316,5.099866427824199,3.8066624897703196
794,18,F,5,33,119.5,30,Y,1,1,One,One,378,5.937536205082426,NA,NA,NA,NA,NA,NA,NA,NA
294,6,M,5,33,116.4,0,Y,1,1,One,One,0,0,0,0,0,0,0,0,0,0
294,7,M,5,33,116.4,0,Y,1,1,One,One,1,0.6931471805599453,0,0,0,0,0,0,0,0
294,8,M,5,33,116.4,0,Y,1,1,One,One,1,0.6931471805599453,0,0,0,0,0,0,0,0
294,9,M,5,33,116.4,0,Y,1,1,One,One,1,0.6931471805599453,0,0,0,0,0,0,0,0
294,10,M,5,33,116.4,0,Y,1,1,One,One,3,1.3862943611198906,0,0,0,0,0,0,0,0
294,11,M,5,33,116.4,0,Y,1,1,One,One,9,2.302585092994046,0,0,8,2,0,0,2.1972245773362196,1.0986122886681098
294,12,M,5,33,116.4,0,Y,1,1,One,One,17,2.8903717578961645,26,1,0,0,3.295836866004329,0.6931471805599453,0,0
294,13,M,5,33,116.4,0,Y,1,1,One,One,27,3.332204510175204,9,2,8,1,2.302585092994046,1.0986122886681098,2.1972245773362196,0.6931471805599453
294,14,M,5,33,116.4,0,Y,1,1,One,One,32,3.4965075614664802,1,1,0,0,0.6931471805599453,0.6931471805599453,0,0
294,15,M,5,33,116.4,0,Y,1,1,One,One,76,4.343805421853684,7,2,4,1,2.0794415416798357,1.0986122886681098,1.6094379124341003,0.6931471805599453
294,16,M,5,33,116.4,0,Y,1,1,One,One,125,4.836281906951478,30,11,20,6,3.4339872044851463,2.4849066497880004,3.044522437723423,1.9459101490553132
294,17,M,5,33,116.4,0,Y,1,1,One,One,184,5.220355825078324,16,8,70,15,2.833213344056216,2.1972245773362196,4.2626798770413155,2.772588722239781
294,18,M,5,33,116.4,0,Y,1,1,One,One,223,5.4116460518550396,NA,NA,NA,NA,NA,NA,NA,NA
126,6,M,4,32,108.5,0,Y,1,1,One,One,0,0,0,0,0,0,0,0,0,0
126,7,M,4,32,108.5,0,Y,1,1,One,One,0,0,0,0,0,0,0,0,0,0
126,8,M,4,32,108.5,0,Y,1,1,One,One,0,0,0,0,0,0,0,0,0,0
126,9,M,4,32,108.5,0,Y,1,1,One,One,0,0,0,0,0,0,0,0,0,0
126,10,M,4,32,108.5,0,Y,1,1,One,One,0,0,0,0,0,0,0,0,0,0
126,11,M,4,32,108.5,0,Y,1,1,One,One,0,0,4,2,0,0,1.6094379124341003,1.0986122886681098,0,0
126,12,M,4,32,108.5,0,Y,1,1,One,One,0,0,0,0,0,0,0,0,0,0
126,13,M,4,32,108.5,0,Y,1,1,One,One,0,0,0,0,0,0,0,0,0,0
126,14,M,4,32,108.5,0,Y,1,1,One,One,0,0,0,0,3,2,0,0,1.3862943611198906,1.0986122886681098
126,15,M,4,32,108.5,0,Y,1,1,One,One,4,1.6094379124341003,0,0,0,0,0,0,0,0
126,16,M,4,32,108.5,0,Y,1,1,One,One,12,2.5649493574615367,1,1,33,3,0.6931471805599453,0.6931471805599453,3.5263605246161616,1.3862943611198906
126,17,M,4,32,108.5,0,Y,1,1,One,One,27,3.332204510175204,17,2,0,0,2.8903717578961645,1.0986122886681098,0,0
126,18,M,4,32,108.5,0,Y,1,1,One,One,32,3.4965075614664802,NA,NA,NA,NA,NA,NA,NA,NA
255,6,M,2,35,117.2,0,Y,4,4,2+,2+,0,0,0,0,0,0,0,0,0,0
255,7,M,2,35,117.2,0,Y,4,4,2+,2+,1,0.6931471805599453,0,0,0,0,0,0,0,0
255,8,M,2,35,117.2,0,Y,4,4,2+,2+,1,0.6931471805599453,0,0,0,0,0,0,0,0
255,9,M,2,35,117.2,0,Y,4,4,2+,2+,1,0.6931471805599453,0,0,0,0,0,0,0,0
255,10,M,2,35,117.2,0,Y,4,4,2+,2+,2,1.0986122886681098,0,0,0,0,0,0,0,0
255,11,M,2,35,117.2,0,Y,4,4,2+,2+,2,1.0986122886681098,0,0,0,0,0,0,0,0
255,12,M,2,35,117.2,0,Y,4,4,2+,2+,2,1.0986122886681098,0,0,0,0,0,0,0,0
255,13,M,2,35,117.2,0,Y,4,4,2+,2+,3,1.3862943611198906,0,0,0,0,0,0,0,0
255,14,M,2,35,117.2,0,Y,4,4,2+,2+,5,1.791759469228055,0,0,0,0,0,0,0,0
255,15,M,2,35,117.2,0,Y,4,4,2+,2+,5,1.791759469228055,0,0,0,0,0,0,0,0
255,16,M,2,35,117.2,0,Y,4,4,2+,2+,5,1.791759469228055,0,0,0,0,0,0,0,0
255,17,M,2,35,117.2,0,Y,4,4,2+,2+,5,1.791759469228055,0,0,0,0,0,0,0,0
255,18,M,2,35,117.2,0,Y,4,4,2+,2+,5,1.791759469228055,NA,NA,NA,NA,NA,NA,NA,NA
465,6,F,5,33,120.4,40,N,0,1,None,One,0,0,0,0,0,0,0,0,0,0
465,7,F,5,33,120.4,40,N,0,1,None,One,0,0,0,0,0,0,0,0,0,0
465,8,F,5,33,120.4,40,N,0,1,None,One,0,0,0,0,0,0,0,0,0,0
465,9,F,5,33,120.4,40,N,0,1,None,One,0,0,0,0,0,0,0,0,0,0
465,10,F,5,33,120.4,40,N,0,1,None,One,0,0,0,0,0,0,0,0,0,0
465,11,F,5,33,120.4,40,N,0,1,None,One,0,0,0,0,0,0,0,0,0,0
465,12,F,5,33,120.4,40,N,0,1,None,One,2,1.0986122886681098,6,1,0,0,1.9459101490553132,0.6931471805599453,0,0
465,13,F,5,33,120.4,40,N,0,1,None,One,2,1.0986122886681098,0,0,1,1,0,0,0.6931471805599453,0.6931471805599453
465,14,F,5,33,120.4,40,N,0,1,None,One,6,1.9459101490553132,1,1,0,0,0.6931471805599453,0.6931471805599453,0,0
465,15,F,5,33,120.4,40,N,0,1,None,One,14,2.70805020110221,1,1,10,2,0.6931471805599453,0.6931471805599453,2.3978952727983707,1.0986122886681098
465,16,F,5,33,120.4,40,N,0,1,None,One,17,2.8903717578961645,2,2,32,5,1.0986122886681098,1.0986122886681098,3.4965075614664802,1.791759469228055
465,17,F,5,33,120.4,40,N,0,1,None,One,26,3.295836866004329,13,7,64,7,2.6390573296152584,2.0794415416798357,4.174387269895637,2.0794415416798357
465,18,F,5,33,120.4,40,N,0,1,None,One,29,3.4011973816621555,NA,NA,NA,NA,NA,NA,NA,NA
357,6,M,5,30,114.4,40,N,0,0,None,None,0,0,0,0,0,0,0,0,0,0
357,7,M,5,30,114.4,40,N,0,0,None,None,1,0.6931471805599453,0,0,0,0,0,0,0,0
357,8,M,5,30,114.4,40,N,0,0,None,None,2,1.0986122886681098,0,0,0,0,0,0,0,0
357,9,M,5,30,114.4,40,N,0,0,None,None,2,1.0986122886681098,0,0,0,0,0,0,0,0
357,10,M,5,30,114.4,40,N,0,0,None,None,2,1.0986122886681098,0,0,0,0,0,0,0,0
357,11,M,5,30,114.4,40,N,0,0,None,None,2,1.0986122886681098,0,0,0,0,0,0,0,0
357,12,M,5,30,114.4,40,N,0,0,None,None,2,1.0986122886681098,0,0,0,0,0,0,0,0
357,13,M,5,30,114.4,40,N,0,0,None,None,4,1.6094379124341003,0,0,1,1,0,0,0.6931471805599453,0.6931471805599453
357,14,M,5,30,114.4,40,N,0,0,None,None,16,2.833213344056216,3,1,2,1,1.3862943611198906,0.6931471805599453,1.0986122886681098,0.6931471805599453
357,15,M,5,30,114.4,40,N,0,0,None,None,24,3.2188758248682006,0,0,0,0,0,0,0,0
357,16,M,5,30,114.4,40,N,0,0,None,None,28,3.367295829986474,0,0,1,1,0,0,0.6931471805599453,0.6931471805599453
357,17,M,5,30,114.4,40,N,0,0,None,None,33,3.5263605246161616,0,0,1,1,0,0,0.6931471805599453,0.6931471805599453
357,18,M,5,30,114.4,40,N,0,0,None,None,40,3.713572066704308,NA,NA,NA,NA,NA,NA,NA,NA
521,6,F,5,32,118.6,40,N,0,0,None,None,0,0,0,0,0,0,0,0,0,0
521,7,F,5,32,118.6,40,N,0,0,None,None,2,1.0986122886681098,0,0,0,0,0,0,0,0
521,8,F,5,32,118.6,40,N,0,0,None,None,2,1.0986122886681098,0,0,0,0,0,0,0,0
521,9,F,5,32,118.6,40,N,0,0,None,None,4,1.6094379124341003,0,0,0,0,0,0,0,0
521,10,F,5,32,118.6,40,N,0,0,None,None,10,2.3978952727983707,1,1,0,0,0.6931471805599453,0.6931471805599453,0,0
521,11,F,5,32,118.6,40,N,0,0,None,None,16,2.833213344056216,3,2,11,4,1.3862943611198906,1.0986122886681098,2.4849066497880004,1.6094379124341003
521,12,F,5,32,118.6,40,N,0,0,None,None,22,3.1354942159291497,21,4,16,9,3.091042453358316,1.6094379124341003,2.833213344056216,2.302585092994046
521,13,F,5,32,118.6,40,N,0,0,None,None,38,3.6635616461296463,11,4,42,4,2.4849066497880004,1.6094379124341003,3.7612001156935624,1.6094379124341003
521,14,F,5,32,118.6,40,N,0,0,None,None,77,4.356708826689592,31,6,36,13,3.4657359027997265,1.9459101490553132,3.6109179126442243,2.6390573296152584
521,15,F,5,32,118.6,40,N,0,0,None,None,110,4.709530201312334,44,14,124,27,3.8066624897703196,2.70805020110221,4.8283137373023015,3.332204510175204
521,16,F,5,32,118.6,40,N,0,0,None,None,143,4.969813299576001,64,19,156,30,4.174387269895637,2.995732273553991,5.056245805348308,3.4339872044851463
521,17,F,5,32,118.6,40,N,0,0,None,None,191,5.2574953720277815,54,20,112,38,4.007333185232471,3.044522437723423,4.727387818712341,3.6635616461296463
521,18,F,5,32,118.6,40,N,0,0,None,None,232,5.4510384535657,NA,NA,NA,NA,NA,NA,NA,NA
274,6,M,4,34,110.9,40,N,0,0,None,None,0,0,0,0,0,0,0,0,0,0
274,7,M,4,34,110.9,40,N,0,0,None,None,0,0,0,0,0,0,0,0,0,0
274,8,M,4,34,110.9,40,N,0,0,None,None,0,0,0,0,0,0,0,0,0,0
274,9,M,4,34,110.9,40,N,0,0,None,None,0,0,0,0,0,0,0,0,0,0
274,10,M,4,34,110.9,40,N,0,0,None,None,0,0,0,0,0,0,0,0,0,0
274,11,M,4,34,110.9,40,N,0,0,None,None,0,0,0,0,0,0,0,0,0,0
274,12,M,4,34,110.9,40,N,0,0,None,None,2,1.0986122886681098,0,0,0,0,0,0,0,0
274,13,M,4,34,110.9,40,N,0,0,None,None,8,2.1972245773362196,0,0,0,0,0,0,0,0
274,14,M,4,34,110.9,40,N,0,0,None,None,32,3.4965075614664802,0,0,0,0,0,0,0,0
274,15,M,4,34,110.9,40,N,0,0,None,None,37,3.6375861597263857,1,1,0,0,0.6931471805599453,0.6931471805599453,0,0
274,16,M,4,34,110.9,40,N,0,0,None,None,40,3.713572066704308,1,1,0,0,0.6931471805599453,0.6931471805599453,0,0
274,17,M,4,34,110.9,40,N,0,0,None,None,63,4.1588830833596715,2,1,22,3,1.0986122886681098,0.6931471805599453,3.1354942159291497,1.3862943611198906
274,18,M,4,34,110.9,40,N,0,0,None,None,88,4.48863636973214,NA,NA,NA,NA,NA,NA,NA,NA
828,6,F,6,32,112.8,24,Y,1,1,One,One,0,0,0,0,0,0,0,0,0,0
828,7,F,6,32,112.8,24,Y,1,1,One,One,0,0,0,0,0,0,0,0,0,0
828,8,F,6,32,112.8,24,Y,1,1,One,One,0,0,0,0,0,0,0,0,0,0
828,9,F,6,32,112.8,24,Y,1,1,One,One,2,1.0986122886681098,0,0,0,0,0,0,0,0
828,10,F,6,32,112.8,24,Y,1,1,One,One,2,1.0986122886681098,0,0,0,0,0,0,0,0
828,11,F,6,32,112.8,24,Y,1,1,One,One,3,1.3862943611198906,0,0,0,0,0,0,0,0
828,12,F,6,32,112.8,24,Y,1,1,One,One,6,1.9459101490553132,0,0,2,2,0,0,1.0986122886681098,1.0986122886681098
828,13,F,6,32,112.8,24,Y,1,1,One,One,12,2.5649493574615367,0,0,0,0,0,0,0,0
828,14,F,6,32,112.8,24,Y,1,1,One,One,17,2.8903717578961645,2,1,3,2,1.0986122886681098,0.6931471805599453,1.3862943611198906,1.0986122886681098
828,15,F,6,32,112.8,24,Y,1,1,One,One,22,3.1354942159291497,3,2,21,4,1.3862943611198906,1.0986122886681098,3.091042453358316,1.6094379124341003
828,16,F,6,32,112.8,24,Y,1,1,One,One,33,3.5263605246161616,7,3,19,3,2.0794415416798357,1.3862943611198906,2.995732273553991,1.3862943611198906
828,17,F,6,32,112.8,24,Y,1,1,One,One,48,3.8918202981106265,27,1,12,5,3.332204510175204,0.6931471805599453,2.5649493574615367,1.791759469228055
828,18,F,6,32,112.8,24,Y,1,1,One,One,74,4.31748811353631,NA,NA,NA,NA,NA,NA,NA,NA
309,6,M,5,31,116.1,30,N,0,0,None,None,0,0,0,0,0,0,0,0,0,0
309,7,M,5,31,116.1,30,N,0,0,None,None,0,0,0,0,0,0,0,0,0,0
309,8,M,5,31,116.1,30,N,0,0,None,None,0,0,0,0,0,0,0,0,0,0
309,9,M,5,31,116.1,30,N,0,0,None,None,0,0,0,0,0,0,0,0,0,0
309,10,M,5,31,116.1,30,N,0,0,None,None,0,0,0,0,0,0,0,0,0,0
309,11,M,5,31,116.1,30,N,0,0,None,None,1,0.6931471805599453,0,0,0,0,0,0,0,0
309,12,M,5,31,116.1,30,N,0,0,None,None,1,0.6931471805599453,0,0,4,2,0,0,1.6094379124341003,1.0986122886681098
309,13,M,5,31,116.1,30,N,0,0,None,None,1,0.6931471805599453,0,0,3,3,0,0,1.3862943611198906,1.3862943611198906
309,14,M,5,31,116.1,30,N,0,0,None,None,1,0.6931471805599453,0,0,6,1,0,0,1.9459101490553132,0.6931471805599453
309,15,M,5,31,116.1,30,N,0,0,None,None,5,1.791759469228055,0,0,1,1,0,0,0.6931471805599453,0.6931471805599453
309,16,M,5,31,116.1,30,N,0,0,None,None,10,2.3978952727983707,7,3,1,1,2.0794415416798357,1.3862943611198906,0.6931471805599453,0.6931471805599453
309,17,M,5,31,116.1,30,N,0,0,None,None,20,3.044522437723423,1,1,0,0,0.6931471805599453,0.6931471805599453,0,0
309,18,M,5,31,116.1,30,N,0,0,None,None,18,2.9444389791664403,NA,NA,NA,NA,NA,NA,NA,NA
749,6,M,3,35,106.6,20,N,0,0,None,None,0,0,0,0,0,0,0,0,0,0
749,7,M,3,35,106.6,20,N,0,0,None,None,2,1.0986122886681098,0,0,0,0,0,0,0,0
749,8,M,3,35,106.6,20,N,0,0,None,None,5,1.791759469228055,0,0,0,0,0,0,0,0
749,9,M,3,35,106.6,20,N,0,0,None,None,8,2.1972245773362196,0,0,0,0,0,0,0,0
749,10,M,3,35,106.6,20,N,0,0,None,None,10,2.3978952727983707,0,0,0,0,0,0,0,0
749,11,M,3,35,106.6,20,N,0,0,None,None,11,2.4849066497880004,0,0,42,3,0,0,3.7612001156935624,1.3862943611198906
749,12,M,3,35,106.6,20,N,0,0,None,None,22,3.1354942159291497,0,0,12,3,0,0,2.5649493574615367,1.3862943611198906
749,13,M,3,35,106.6,20,N,0,0,None,None,50,3.9318256327243257,2,1,4,4,1.0986122886681098,0.6931471805599453,1.6094379124341003,1.6094379124341003
749,14,M,3,35,106.6,20,N,0,0,None,None,66,4.204692619390966,3,3,6,3,1.3862943611198906,1.3862943611198906,1.9459101490553132,1.3862943611198906
749,15,M,3,35,106.6,20,N,0,0,None,None,69,4.248495242049359,24,10,9,9,3.2188758248682006,2.3978952727983707,2.302585092994046,2.302585092994046
749,16,M,3,35,106.6,20,N,0,0,None,None,92,4.532599493153256,15,10,13,6,2.772588722239781,2.3978952727983707,2.6390573296152584,1.9459101490553132
749,17,M,3,35,106.6,20,N,0,0,None,None,120,4.795790545596741,85,10,94,13,4.454347296253507,2.3978952727983707,4.553876891600541,2.6390573296152584
749,18,M,3,35,106.6,20,N,0,0,None,None,94,4.553876891600541,NA,NA,NA,NA,NA,NA,NA,NA
623,6,M,6,36,123.6,30,Y,2,2,2+,2+,0,0,0,0,0,0,0,0,0,0
623,7,M,6,36,123.6,30,Y,2,2,2+,2+,0,0,0,0,0,0,0,0,0,0
623,8,M,6,36,123.6,30,Y,2,2,2+,2+,0,0,0,0,0,0,0,0,0,0
623,9,M,6,36,123.6,30,Y,2,2,2+,2+,0,0,0,0,0,0,0,0,0,0
623,10,M,6,36,123.6,30,Y,2,2,2+,2+,0,0,0,0,0,0,0,0,0,0
623,11,M,6,36,123.6,30,Y,2,2,2+,2+,1,0.6931471805599453,0,0,0,0,0,0,0,0
623,12,M,6,36,123.6,30,Y,2,2,2+,2+,1,0.6931471805599453,0,0,1,1,0,0,0.6931471805599453,0.6931471805599453
623,13,M,6,36,123.6,30,Y,2,2,2+,2+,1,0.6931471805599453,0,0,67,1,0,0,4.219507705176107,0.6931471805599453
623,14,M,6,36,123.6,30,Y,2,2,2+,2+,7,2.0794415416798357,3,1,82,3,1.3862943611198906,0.6931471805599453,4.418840607796598,1.3862943611198906
623,15,M,6,36,123.6,30,Y,2,2,2+,2+,9,2.302585092994046,2,1,88,2,1.0986122886681098,0.6931471805599453,4.48863636973214,1.0986122886681098
623,16,M,6,36,123.6,30,Y,2,2,2+,2+,19,2.995732273553991,9,2,22,5,2.302585092994046,1.0986122886681098,3.1354942159291497,1.791759469228055
623,17,M,6,36,123.6,30,Y,2,2,2+,2+,24,3.2188758248682006,4,2,3,1,1.6094379124341003,1.0986122886681098,1.3862943611198906,0.6931471805599453
623,18,M,6,36,123.6,30,Y,2,2,2+,2+,28,3.367295829986474,NA,NA,NA,NA,NA,NA,NA,NA
279,6,F,4,37,111.4,0,Y,1,1,One,One,0,0,0,0,0,0,0,0,0,0
279,7,F,4,37,111.4,0,Y,1,1,One,One,0,0,0,0,0,0,0,0,0,0
279,8,F,4,37,111.4,0,Y,1,1,One,One,0,0,0,0,0,0,0,0,0,0
279,9,F,4,37,111.4,0,Y,1,1,One,One,0,0,1,1,0,0,0.6931471805599453,0.6931471805599453,0,0
279,10,F,4,37,111.4,0,Y,1,1,One,One,0,0,1,1,0,0,0.6931471805599453,0.6931471805599453,0,0
279,11,F,4,37,111.4,0,Y,1,1,One,One,0,0,0,0,0,0,0,0,0,0
279,12,F,4,37,111.4,0,Y,1,1,One,One,1,0.6931471805599453,0,0,1,1,0,0,0.6931471805599453,0.6931471805599453
279,13,F,4,37,111.4,0,Y,1,1,One,One,2,1.0986122886681098,0,0,1,1,0,0,0.6931471805599453,0.6931471805599453
279,14,F,4,37,111.4,0,Y,1,1,One,One,2,1.0986122886681098,0,0,0,0,0,0,0,0
279,15,F,4,37,111.4,0,Y,1,1,One,One,3,1.3862943611198906,0,0,0,0,0,0,0,0
279,16,F,4,37,111.4,0,Y,1,1,One,One,9,2.302585092994046,7,5,8,5,2.0794415416798357,1.791759469228055,2.1972245773362196,1.791759469228055
279,17,F,4,37,111.4,0,Y,1,1,One,One,38,3.6635616461296463,21,6,39,8,3.091042453358316,1.9459101490553132,3.6888794541139363,2.1972245773362196
279,18,F,4,37,111.4,0,Y,1,1,One,One,39,3.6888794541139363,NA,NA,NA,NA,NA,NA,NA,NA
626,6,M,4,42,116.1,0,Y,2,2,2+,2+,0,0,0,0,0,0,0,0,0,0
626,7,M,4,42,116.1,0,Y,2,2,2+,2+,0,0,0,0,0,0,0,0,0,0
626,8,M,4,42,116.1,0,Y,2,2,2+,2+,0,0,0,0,0,0,0,0,0,0
626,9,M,4,42,116.1,0,Y,2,2,2+,2+,NA,NA,0,0,1,1,0,0,0.6931471805599453,0.6931471805599453
626,10,M,4,42,116.1,0,Y,2,2,2+,2+,0,0,0,0,0,0,0,0,0,0
626,11,M,4,42,116.1,0,Y,2,2,2+,2+,0,0,0,0,0,0,0,0,0,0
626,12,M,4,42,116.1,0,Y,2,2,2+,2+,0,0,0,0,4,1,0,0,1.6094379124341003,0.6931471805599453
626,13,M,4,42,116.1,0,Y,2,2,2+,2+,1,0.6931471805599453,0,0,0,0,0,0,0,0
626,14,M,4,42,116.1,0,Y,2,2,2+,2+,NA,NA,0,0,0,0,0,0,0,0
626,15,M,4,42,116.1,0,Y,2,2,2+,2+,NA,NA,0,0,37,3,0,0,3.6375861597263857,1.3862943611198906
626,16,M,4,42,116.1,0,Y,2,2,2+,2+,7,2.0794415416798357,25,3,31,3,3.258096538021482,1.3862943611198906,3.4657359027997265,1.3862943611198906
626,17,M,4,42,116.1,0,Y,2,2,2+,2+,NA,NA,5,1,0,0,1.791759469228055,0.6931471805599453,0,0
626,18,M,4,42,116.1,0,Y,2,2,2+,2+,17,2.8903717578961645,NA,NA,NA,NA,NA,NA,NA,NA
664,6,M,5,34,112.8,40,N,0,0,None,None,0,0,0,0,0,0,0,0,0,0
664,7,M,5,34,112.8,40,N,0,0,None,None,0,0,0,0,0,0,0,0,0,0
664,8,M,5,34,112.8,40,N,0,0,None,None,0,0,0,0,0,0,0,0,0,0
664,9,M,5,34,112.8,40,N,0,0,None,None,0,0,0,0,0,0,0,0,0,0
664,10,M,5,34,112.8,40,N,0,0,None,None,0,0,0,0,0,0,0,0,0,0
664,11,M,5,34,112.8,40,N,0,0,None,None,0,0,0,0,0,0,0,0,0,0
664,12,M,5,34,112.8,40,N,0,0,None,None,0,0,0,0,1,1,0,0,0.6931471805599453,0.6931471805599453
664,13,M,5,34,112.8,40,N,0,0,None,None,4,1.6094379124341003,4,2,5,3,1.6094379124341003,1.0986122886681098,1.791759469228055,1.3862943611198906
664,14,M,5,34,112.8,40,N,0,0,None,None,5,1.791759469228055,10,5,4,1,2.3978952727983707,1.791759469228055,1.6094379124341003,0.6931471805599453
664,15,M,5,34,112.8,40,N,0,0,None,None,9,2.302585092994046,6,2,86,5,1.9459101490553132,1.0986122886681098,4.465908118654584,1.791759469228055
664,16,M,5,34,112.8,40,N,0,0,None,None,10,2.3978952727983707,4,2,11,1,1.6094379124341003,1.0986122886681098,2.4849066497880004,0.6931471805599453
664,17,M,5,34,112.8,40,N,0,0,None,None,12,2.5649493574615367,6,3,43,4,1.9459101490553132,1.3862943611198906,3.784189633918261,1.6094379124341003
664,18,M,5,34,112.8,40,N,0,0,None,None,24,3.2188758248682006,NA,NA,NA,NA,NA,NA,NA,NA
129,6,F,5,35,119.2,0,Y,1,1,One,One,0,0,0,0,0,0,0,0,0,0
129,7,F,5,35,119.2,0,Y,1,1,One,One,0,0,0,0,0,0,0,0,0,0
129,8,F,5,35,119.2,0,Y,1,1,One,One,0,0,0,0,0,0,0,0,0,0
129,9,F,5,35,119.2,0,Y,1,1,One,One,0,0,0,0,0,0,0,0,0,0
129,10,F,5,35,119.2,0,Y,1,1,One,One,0,0,0,0,0,0,0,0,0,0
129,11,F,5,35,119.2,0,Y,1,1,One,One,3,1.3862943611198906,0,0,0,0,0,0,0,0
129,12,F,5,35,119.2,0,Y,1,1,One,One,7,2.0794415416798357,0,0,0,0,0,0,0,0
129,13,F,5,35,119.2,0,Y,1,1,One,One,7,2.0794415416798357,0,0,1,1,0,0,0.6931471805599453,0.6931471805599453
129,14,F,5,35,119.2,0,Y,1,1,One,One,15,2.772588722239781,5,2,0,0,1.791759469228055,1.0986122886681098,0,0
129,15,F,5,35,119.2,0,Y,1,1,One,One,20,3.044522437723423,11,6,21,3,2.4849066497880004,1.9459101490553132,3.091042453358316,1.3862943611198906
129,16,F,5,35,119.2,0,Y,1,1,One,One,22,3.1354942159291497,11,2,11,5,2.4849066497880004,1.0986122886681098,2.4849066497880004,1.791759469228055
129,17,F,5,35,119.2,0,Y,1,1,One,One,27,3.332204510175204,4,4,18,8,1.6094379124341003,1.6094379124341003,2.9444389791664403,2.1972245773362196
129,18,F,5,35,119.2,0,Y,1,1,One,One,56,4.04305126783455,NA,NA,NA,NA,NA,NA,NA,NA
860,6,M,3,37,117.1,40,Y,1,1,One,One,0,0,0,0,0,0,0,0,0,0
860,7,M,3,37,117.1,40,Y,1,1,One,One,0,0,0,0,0,0,0,0,0,0
860,8,M,3,37,117.1,40,Y,1,1,One,One,0,0,0,0,0,0,0,0,0,0
860,9,M,3,37,117.1,40,Y,1,1,One,One,0,0,0,0,0,0,0,0,0,0
860,10,M,3,37,117.1,40,Y,1,1,One,One,3,1.3862943611198906,0,0,0,0,0,0,0,0
860,11,M,3,37,117.1,40,Y,1,1,One,One,4,1.6094379124341003,0,0,1,1,0,0,0.6931471805599453,0.6931471805599453
860,12,M,3,37,117.1,40,Y,1,1,One,One,5,1.791759469228055,0,0,0,0,0,0,0,0
860,13,M,3,37,117.1,40,Y,1,1,One,One,5,1.791759469228055,4,2,0,0,1.6094379124341003,1.0986122886681098,0,0
860,14,M,3,37,117.1,40,Y,1,1,One,One,9,2.302585092994046,0,0,14,5,0,0,2.70805020110221,1.791759469228055
860,15,M,3,37,117.1,40,Y,1,1,One,One,18,2.9444389791664403,8,2,2,2,2.1972245773362196,1.0986122886681098,1.0986122886681098,1.0986122886681098
860,16,M,3,37,117.1,40,Y,1,1,One,One,32,3.4965075614664802,12,2,3,2,2.5649493574615367,1.0986122886681098,1.3862943611198906,1.0986122886681098
860,17,M,3,37,117.1,40,Y,1,1,One,One,46,3.8501476017100584,4,3,4,1,1.6094379124341003,1.3862943611198906,1.6094379124341003,0.6931471805599453
860,18,M,3,37,117.1,40,Y,1,1,One,One,102,4.634728988229636,NA,NA,NA,NA,NA,NA,NA,NA
378,6,F,4,28,120.1,6,N,0,0,None,None,0,0,0,0,0,0,0,0,0,0
378,7,F,4,28,120.1,6,N,0,0,None,None,0,0,0,0,0,0,0,0,0,0
378,8,F,4,28,120.1,6,N,0,0,None,None,0,0,0,0,0,0,0,0,0,0
378,9,F,4,28,120.1,6,N,0,0,None,None,0,0,0,0,0,0,0,0,0,0
378,10,F,4,28,120.1,6,N,0,0,None,None,0,0,0,0,1,1,0,0,0.6931471805599453,0.6931471805599453
378,11,F,4,28,120.1,6,N,0,0,None,None,0,0,1,1,0,0,0.6931471805599453,0.6931471805599453,0,0
378,12,F,4,28,120.1,6,N,0,0,None,None,7,2.0794415416798357,11,2,4,3,2.4849066497880004,1.0986122886681098,1.6094379124341003,1.3862943611198906
378,13,F,4,28,120.1,6,N,0,0,None,None,25,3.258096538021482,15,5,5,5,2.772588722239781,1.791759469228055,1.791759469228055,1.791759469228055
378,14,F,4,28,120.1,6,N,0,0,None,None,41,3.7376696182833684,6,5,81,19,1.9459101490553132,1.791759469228055,4.406719247264253,2.995732273553991
378,15,F,4,28,120.1,6,N,0,0,None,None,66,4.204692619390966,35,16,79,27,3.58351893845611,2.833213344056216,4.382026634673881,3.332204510175204
378,16,F,4,28,120.1,6,N,0,0,None,None,132,4.890349128221754,71,17,116,27,4.276666119016055,2.8903717578961645,4.762173934797756,3.332204510175204
378,17,F,4,28,120.1,6,N,0,0,None,None,133,4.897839799950911,94,37,179,36,4.553876891600541,3.6375861597263857,5.19295685089021,3.6109179126442243
378,18,F,4,28,120.1,6,N,0,0,None,None,166,5.117993812416755,NA,NA,NA,NA,NA,NA,NA,NA
109,6,F,3,29,105.5,25,N,0,0,None,None,0,0,0,0,0,0,0,0,0,0
109,7,F,3,29,105.5,25,N,0,0,None,None,0,0,0,0,0,0,0,0,0,0
109,8,F,3,29,105.5,25,N,0,0,None,None,0,0,0,0,0,0,0,0,0,0
109,9,F,3,29,105.5,25,N,0,0,None,None,0,0,0,0,0,0,0,0,0,0
109,10,F,3,29,105.5,25,N,0,0,None,None,0,0,0,0,1,1,0,0,0.6931471805599453,0.6931471805599453
109,11,F,3,29,105.5,25,N,0,0,None,None,2,1.0986122886681098,1,1,0,0,0.6931471805599453,0.6931471805599453,0,0
109,12,F,3,29,105.5,25,N,0,0,None,None,6,1.9459101490553132,0,0,0,0,0,0,0,0
109,13,F,3,29,105.5,25,N,0,0,None,None,7,2.0794415416798357,0,0,4,2,0,0,1.6094379124341003,1.0986122886681098
109,14,F,3,29,105.5,25,N,0,0,None,None,9,2.302585092994046,2,2,4,2,1.0986122886681098,1.0986122886681098,1.6094379124341003,1.0986122886681098
109,15,F,3,29,105.5,25,N,0,0,None,None,10,2.3978952727983707,1,1,3,1,0.6931471805599453,0.6931471805599453,1.3862943611198906,0.6931471805599453
109,16,F,3,29,105.5,25,N,0,0,None,None,40,3.713572066704308,4,3,13,7,1.6094379124341003,1.3862943611198906,2.6390573296152584,2.0794415416798357
109,17,F,3,29,105.5,25,N,0,0,None,None,54,4.007333185232471,32,8,76,12,3.4965075614664802,2.1972245773362196,4.343805421853684,2.5649493574615367
109,18,F,3,29,105.5,25,N,0,0,None,None,82,4.418840607796598,NA,NA,NA,NA,NA,NA,NA,NA
342,6,M,5,33,111.4,30,N,0,0,None,None,0,0,0,0,0,0,0,0,0,0
342,7,M,5,33,111.4,30,N,0,0,None,None,0,0,0,0,0,0,0,0,0,0
342,8,M,5,33,111.4,30,N,0,0,None,None,0,0,0,0,0,0,0,0,0,0
342,9,M,5,33,111.4,30,N,0,0,None,None,1,0.6931471805599453,0,0,0,0,0,0,0,0
342,10,M,5,33,111.4,30,N,0,0,None,None,9,2.302585092994046,4,1,0,0,1.6094379124341003,0.6931471805599453,0,0
342,11,M,5,33,111.4,30,N,0,0,None,None,15,2.772588722239781,0,0,0,0,0,0,0,0
342,12,M,5,33,111.4,30,N,0,0,None,None,20,3.044522437723423,0,0,0,0,0,0,0,0
342,13,M,5,33,111.4,30,N,0,0,None,None,21,3.091042453358316,3,2,1,1,1.3862943611198906,1.0986122886681098,0.6931471805599453,0.6931471805599453
342,14,M,5,33,111.4,30,N,0,0,None,None,22,3.1354942159291497,6,1,0,0,1.9459101490553132,0.6931471805599453,0,0
342,15,M,5,33,111.4,30,N,0,0,None,None,29,3.4011973816621555,1,1,0,0,0.6931471805599453,0.6931471805599453,0,0
342,16,M,5,33,111.4,30,N,0,0,None,None,15,2.772588722239781,3,1,6,4,1.3862943611198906,0.6931471805599453,1.9459101490553132,1.6094379124341003
342,17,M,5,33,111.4,30,N,0,0,None,None,22,3.1354942159291497,2,1,7,4,1.0986122886681098,0.6931471805599453,2.0794415416798357,1.6094379124341003
342,18,M,5,33,111.4,30,N,0,0,None,None,NA,NA,NA,NA,NA,NA,NA,NA,NA,NA
268,6,F,4,35,110.8,21,N,0,0,None,None,0,0,0,0,0,0,0,0,0,0
268,7,F,4,35,110.8,21,N,0,0,None,None,0,0,0,0,0,0,0,0,0,0
268,8,F,4,35,110.8,21,N,0,0,None,None,0,0,0,0,0,0,0,0,0,0
268,9,F,4,35,110.8,21,N,0,0,None,None,0,0,0,0,0,0,0,0,0,0
268,10,F,4,35,110.8,21,N,0,0,None,None,0,0,1,1,0,0,0.6931471805599453,0.6931471805599453,0,0
268,11,F,4,35,110.8,21,N,0,0,None,None,3,1.3862943611198906,1,1,1,1,0.6931471805599453,0.6931471805599453,0.6931471805599453,0.6931471805599453
268,12,F,4,35,110.8,21,N,0,0,None,None,3,1.3862943611198906,0,0,1,1,0,0,0.6931471805599453,0.6931471805599453
268,13,F,4,35,110.8,21,N,0,0,None,None,5,1.791759469228055,1,1,0,0,0.6931471805599453,0.6931471805599453,0,0
268,14,F,4,35,110.8,21,N,0,0,None,None,8,2.1972245773362196,1,1,0,0,0.6931471805599453,0.6931471805599453,0,0
268,15,F,4,35,110.8,21,N,0,0,None,None,20,3.044522437723423,3,2,6,1,1.3862943611198906,1.0986122886681098,1.9459101490553132,0.6931471805599453
268,16,F,4,35,110.8,21,N,0,0,None,None,37,3.6375861597263857,13,10,8,3,2.6390573296152584,2.3978952727983707,2.1972245773362196,1.3862943611198906
268,17,F,4,35,110.8,21,N,0,0,None,None,49,3.912023005428146,5,4,8,6,1.791759469228055,1.6094379124341003,2.1972245773362196,1.9459101490553132
268,18,F,4,35,110.8,21,N,0,0,None,None,75,4.330733340286331,NA,NA,NA,NA,NA,NA,NA,NA
172,6,M,3,34,111.5,45,Y,4,4,2+,2+,0,0,0,0,0,0,0,0,0,0
172,7,M,3,34,111.5,45,Y,4,4,2+,2+,0,0,0,0,0,0,0,0,0,0
172,8,M,3,34,111.5,45,Y,4,4,2+,2+,0,0,0,0,0,0,0,0,0,0
172,9,M,3,34,111.5,45,Y,4,4,2+,2+,0,0,0,0,0,0,0,0,0,0
172,10,M,3,34,111.5,45,Y,4,4,2+,2+,0,0,0,0,0,0,0,0,0,0
172,11,M,3,34,111.5,45,Y,4,4,2+,2+,0,0,0,0,0,0,0,0,0,0
172,12,M,3,34,111.5,45,Y,4,4,2+,2+,0,0,0,0,0,0,0,0,0,0
172,13,M,3,34,111.5,45,Y,4,4,2+,2+,2,1.0986122886681098,0,0,0,0,0,0,0,0
172,14,M,3,34,111.5,45,Y,4,4,2+,2+,3,1.3862943611198906,0,0,0,0,0,0,0,0
172,15,M,3,34,111.5,45,Y,4,4,2+,2+,3,1.3862943611198906,0,0,0,0,0,0,0,0
172,16,M,3,34,111.5,45,Y,4,4,2+,2+,NA,NA,0,0,0,0,0,0,0,0
172,17,M,3,34,111.5,45,Y,4,4,2+,2+,NA,NA,0,0,1,1,0,0,0.6931471805599453,0.6931471805599453
172,18,M,3,34,111.5,45,Y,4,4,2+,2+,2,1.0986122886681098,NA,NA,NA,NA,NA,NA,NA,NA
189,6,M,4,27,106,20,N,0,0,None,None,0,0,0,0,0,0,0,0,0,0
189,7,M,4,27,106,20,N,0,0,None,None,0,0,0,0,0,0,0,0,0,0
189,8,M,4,27,106,20,N,0,0,None,None,0,0,0,0,0,0,0,0,0,0
189,9,M,4,27,106,20,N,0,0,None,None,0,0,0,0,0,0,0,0,0,0
189,10,M,4,27,106,20,N,0,0,None,None,2,1.0986122886681098,0,0,0,0,0,0,0,0
189,11,M,4,27,106,20,N,0,0,None,None,6,1.9459101490553132,0,0,0,0,0,0,0,0
189,12,M,4,27,106,20,N,0,0,None,None,14,2.70805020110221,0,0,0,0,0,0,0,0
189,13,M,4,27,106,20,N,0,0,None,None,21,3.091042453358316,0,0,1,1,0,0,0.6931471805599453,0.6931471805599453
189,14,M,4,27,106,20,N,0,0,None,None,25,3.258096538021482,0,0,0,0,0,0,0,0
189,15,M,4,27,106,20,N,0,0,None,None,16,2.833213344056216,1,1,2,1,0.6931471805599453,0.6931471805599453,1.0986122886681098,0.6931471805599453
189,16,M,4,27,106,20,N,0,0,None,None,28,3.367295829986474,4,1,2,1,1.6094379124341003,0.6931471805599453,1.0986122886681098,0.6931471805599453
189,17,M,4,27,106,20,N,0,0,None,None,46,3.8501476017100584,5,1,25,4,1.791759469228055,0.6931471805599453,3.258096538021482,1.6094379124341003
189,18,M,4,27,106,20,N,0,0,None,None,73,4.30406509320417,NA,NA,NA,NA,NA,NA,NA,NA
986,6,F,3,31,106.5,16,Y,1,1,One,One,0,0,0,0,0,0,0,0,0,0
986,7,F,3,31,106.5,16,Y,1,1,One,One,0,0,0,0,0,0,0,0,0,0
986,8,F,3,31,106.5,16,Y,1,1,One,One,0,0,0,0,0,0,0,0,0,0
986,9,F,3,31,106.5,16,Y,1,1,One,One,0,0,0,0,0,0,0,0,0,0
986,10,F,3,31,106.5,16,Y,1,1,One,One,0,0,0,0,0,0,0,0,0,0
986,11,F,3,31,106.5,16,Y,1,1,One,One,0,0,0,0,0,0,0,0,0,0
986,12,F,3,31,106.5,16,Y,1,1,One,One,7,2.0794415416798357,0,0,0,0,0,0,0,0
986,13,F,3,31,106.5,16,Y,1,1,One,One,10,2.3978952727983707,0,0,4,1,0,0,1.6094379124341003,0.6931471805599453
986,14,F,3,31,106.5,16,Y,1,1,One,One,11,2.4849066497880004,3,1,0,0,1.3862943611198906,0.6931471805599453,0,0
986,15,F,3,31,106.5,16,Y,1,1,One,One,20,3.044522437723423,0,0,3,3,0,0,1.3862943611198906,1.3862943611198906
986,16,F,3,31,106.5,16,Y,1,1,One,One,25,3.258096538021482,1,1,3,2,0.6931471805599453,0.6931471805599453,1.3862943611198906,1.0986122886681098
986,17,F,3,31,106.5,16,Y,1,1,One,One,27,3.332204510175204,0,0,17,8,0,0,2.8903717578961645,2.1972245773362196
986,18,F,3,31,106.5,16,Y,1,1,One,One,NA,NA,NA,NA,NA,NA,NA,NA,NA,NA
861,6,M,6,42,121.2,35,N,0,0,None,None,0,0,0,0,0,0,0,0,0,0
861,7,M,6,42,121.2,35,N,0,0,None,None,0,0,0,0,0,0,0,0,0,0
861,8,M,6,42,121.2,35,N,0,0,None,None,0,0,0,0,0,0,0,0,0,0
861,9,M,6,42,121.2,35,N,0,0,None,None,0,0,0,0,0,0,0,0,0,0
861,10,M,6,42,121.2,35,N,0,0,None,None,1,0.6931471805599453,1,1,0,0,0.6931471805599453,0.6931471805599453,0,0
861,11,M,6,42,121.2,35,N,0,0,None,None,1,0.6931471805599453,6,1,2,1,1.9459101490553132,0.6931471805599453,1.0986122886681098,0.6931471805599453
861,12,M,6,42,121.2,35,N,0,0,None,None,1,0.6931471805599453,7,2,0,0,2.0794415416798357,1.0986122886681098,0,0
861,13,M,6,42,121.2,35,N,0,0,None,None,2,1.0986122886681098,1,1,7,3,0.6931471805599453,0.6931471805599453,2.0794415416798357,1.3862943611198906
861,14,M,6,42,121.2,35,N,0,0,None,None,3,1.3862943611198906,0,0,14,4,0,0,2.70805020110221,1.6094379124341003
861,15,M,6,42,121.2,35,N,0,0,None,None,2,1.0986122886681098,6,3,0,0,1.9459101490553132,1.3862943611198906,0,0
861,16,M,6,42,121.2,35,N,0,0,None,None,2,1.0986122886681098,1,1,13,4,0.6931471805599453,0.6931471805599453,2.6390573296152584,1.6094379124341003
861,17,M,6,42,121.2,35,N,0,0,None,None,4,1.6094379124341003,1,1,21,4,0.6931471805599453,0.6931471805599453,3.091042453358316,1.6094379124341003
861,18,M,6,42,121.2,35,N,0,0,None,None,24,3.2188758248682006,NA,NA,NA,NA,NA,NA,NA,NA
625,6,F,5,32,108.6,40,N,0,0,None,None,0,0,0,0,0,0,0,0,0,0
625,7,F,5,32,108.6,40,N,0,0,None,None,NA,NA,0,0,0,0,0,0,0,0
625,8,F,5,32,108.6,40,N,0,0,None,None,0,0,0,0,0,0,0,0,0,0
625,9,F,5,32,108.6,40,N,0,0,None,None,0,0,0,0,0,0,0,0,0,0
625,10,F,5,32,108.6,40,N,0,0,None,None,0,0,0,0,0,0,0,0,0,0
625,11,F,5,32,108.6,40,N,0,0,None,None,3,1.3862943611198906,0,0,0,0,0,0,0,0
625,12,F,5,32,108.6,40,N,0,0,None,None,4,1.6094379124341003,5,2,0,0,1.791759469228055,1.0986122886681098,0,0
625,13,F,5,32,108.6,40,N,0,0,None,None,16,2.833213344056216,1,1,2,2,0.6931471805599453,0.6931471805599453,1.0986122886681098,1.0986122886681098
625,14,F,5,32,108.6,40,N,0,0,None,None,38,3.6635616461296463,14,7,18,5,2.70805020110221,2.0794415416798357,2.9444389791664403,1.791759469228055
625,15,F,5,32,108.6,40,N,0,0,None,None,34,3.5553480614894135,3,2,4,2,1.3862943611198906,1.0986122886681098,1.6094379124341003,1.0986122886681098
625,16,F,5,32,108.6,40,N,0,0,None,None,NA,NA,9,4,30,7,2.302585092994046,1.6094379124341003,3.4339872044851463,2.0794415416798357
625,17,F,5,32,108.6,40,N,0,0,None,None,NA,NA,28,9,61,8,3.367295829986474,2.302585092994046,4.127134385045092,2.1972245773362196
625,18,F,5,32,108.6,40,N,0,0,None,None,NA,NA,NA,NA,NA,NA,NA,NA,NA,NA
926,6,F,4,35,111.6,40,N,0,0,None,None,0,0,0,0,0,0,0,0,0,0
926,7,F,4,35,111.6,40,N,0,0,None,None,1,0.6931471805599453,0,0,0,0,0,0,0,0
926,8,F,4,35,111.6,40,N,0,0,None,None,1,0.6931471805599453,0,0,0,0,0,0,0,0
926,9,F,4,35,111.6,40,N,0,0,None,None,1,0.6931471805599453,0,0,1,1,0,0,0.6931471805599453,0.6931471805599453
926,10,F,4,35,111.6,40,N,0,0,None,None,1,0.6931471805599453,0,0,0,0,0,0,0,0
926,11,F,4,35,111.6,40,N,0,0,None,None,1,0.6931471805599453,0,0,0,0,0,0,0,0
926,12,F,4,35,111.6,40,N,0,0,None,None,4,1.6094379124341003,6,2,0,0,1.9459101490553132,1.0986122886681098,0,0
926,13,F,4,35,111.6,40,N,0,0,None,None,7,2.0794415416798357,3,1,0,0,1.3862943611198906,0.6931471805599453,0,0
926,14,F,4,35,111.6,40,N,0,0,None,None,16,2.833213344056216,9,1,1,1,2.302585092994046,0.6931471805599453,0.6931471805599453,0.6931471805599453
926,15,F,4,35,111.6,40,N,0,0,None,None,14,2.70805020110221,1,1,30,1,0.6931471805599453,0.6931471805599453,3.4339872044851463,0.6931471805599453
926,16,F,4,35,111.6,40,N,0,0,None,None,21,3.091042453358316,3,3,0,0,1.3862943611198906,1.3862943611198906,0,0
926,17,F,4,35,111.6,40,N,0,0,None,None,47,3.871201010907891,1,1,7,4,0.6931471805599453,0.6931471805599453,2.0794415416798357,1.6094379124341003
926,18,F,4,35,111.6,40,N,0,0,None,None,69,4.248495242049359,NA,NA,NA,NA,NA,NA,NA,NA
944,6,M,5,38,126.5,40,N,0,0,None,None,0,0,0,0,0,0,0,0,0,0
944,7,M,5,38,126.5,40,N,0,0,None,None,0,0,0,0,0,0,0,0,0,0
944,8,M,5,38,126.5,40,N,0,0,None,None,0,0,0,0,0,0,0,0,0,0
944,9,M,5,38,126.5,40,N,0,0,None,None,NA,NA,0,0,0,0,0,0,0,0
944,10,M,5,38,126.5,40,N,0,0,None,None,1,0.6931471805599453,0,0,0,0,0,0,0,0
944,11,M,5,38,126.5,40,N,0,0,None,None,1,0.6931471805599453,0,0,0,0,0,0,0,0
944,12,M,5,38,126.5,40,N,0,0,None,None,4,1.6094379124341003,0,0,0,0,0,0,0,0
944,13,M,5,38,126.5,40,N,0,0,None,None,NA,NA,0,0,0,0,0,0,0,0
944,14,M,5,38,126.5,40,N,0,0,None,None,3,1.3862943611198906,3,2,1,1,1.3862943611198906,1.0986122886681098,0.6931471805599453,0.6931471805599453
944,15,M,5,38,126.5,40,N,0,0,None,None,3,1.3862943611198906,0,0,0,0,0,0,0,0
944,16,M,5,38,126.5,40,N,0,0,None,None,4,1.6094379124341003,0,0,1,1,0,0,0.6931471805599453,0.6931471805599453
944,17,M,5,38,126.5,40,N,0,0,None,None,6,1.9459101490553132,0,0,0,0,0,0,0,0
944,18,M,5,38,126.5,40,N,0,0,None,None,NA,NA,NA,NA,NA,NA,NA,NA,NA,NA
515,6,F,5,35,121.4,40,Y,1,1,One,One,0,0,0,0,0,0,0,0,0,0
515,7,F,5,35,121.4,40,Y,1,1,One,One,0,0,0,0,0,0,0,0,0,0
515,8,F,5,35,121.4,40,Y,1,1,One,One,0,0,0,0,0,0,0,0,0,0
515,9,F,5,35,121.4,40,Y,1,1,One,One,0,0,0,0,0,0,0,0,0,0
515,10,F,5,35,121.4,40,Y,1,1,One,One,0,0,0,0,0,0,0,0,0,0
515,11,F,5,35,121.4,40,Y,1,1,One,One,0,0,0,0,0,0,0,0,0,0
515,12,F,5,35,121.4,40,Y,1,1,One,One,0,0,0,0,0,0,0,0,0,0
515,13,F,5,35,121.4,40,Y,1,1,One,One,1,0.6931471805599453,0,0,0,0,0,0,0,0
515,14,F,5,35,121.4,40,Y,1,1,One,One,3,1.3862943611198906,2,1,0,0,1.0986122886681098,0.6931471805599453,0,0
515,15,F,5,35,121.4,40,Y,1,1,One,One,12,2.5649493574615367,0,0,3,1,0,0,1.3862943611198906,0.6931471805599453
515,16,F,5,35,121.4,40,Y,1,1,One,One,15,2.772588722239781,0,0,0,0,0,0,0,0
515,17,F,5,35,121.4,40,Y,1,1,One,One,19,2.995732273553991,0,0,3,2,0,0,1.3862943611198906,1.0986122886681098
515,18,F,5,35,121.4,40,Y,1,1,One,One,51,3.9512437185814275,NA,NA,NA,NA,NA,NA,NA,NA
375,6,F,5,32,121.4,40,Y,2,2,2+,2+,0,0,0,0,0,0,0,0,0,0
375,7,F,5,32,121.4,40,Y,2,2,2+,2+,0,0,0,0,0,0,0,0,0,0
375,8,F,5,32,121.4,40,Y,2,2,2+,2+,0,0,0,0,0,0,0,0,0,0
375,9,F,5,32,121.4,40,Y,2,2,2+,2+,0,0,0,0,0,0,0,0,0,0
375,10,F,5,32,121.4,40,Y,2,2,2+,2+,0,0,0,0,0,0,0,0,0,0
375,11,F,5,32,121.4,40,Y,2,2,2+,2+,2,1.0986122886681098,0,0,0,0,0,0,0,0
375,12,F,5,32,121.4,40,Y,2,2,2+,2+,2,1.0986122886681098,0,0,0,0,0,0,0,0
375,13,F,5,32,121.4,40,Y,2,2,2+,2+,2,1.0986122886681098,0,0,0,0,0,0,0,0
375,14,F,5,32,121.4,40,Y,2,2,2+,2+,2,1.0986122886681098,0,0,17,2,0,0,2.8903717578961645,1.0986122886681098
375,15,F,5,32,121.4,40,Y,2,2,2+,2+,6,1.9459101490553132,4,1,2,1,1.6094379124341003,0.6931471805599453,1.0986122886681098,0.6931471805599453
375,16,F,5,32,121.4,40,Y,2,2,2+,2+,9,2.302585092994046,1,1,0,0,0.6931471805599453,0.6931471805599453,0,0
375,17,F,5,32,121.4,40,Y,2,2,2+,2+,10,2.3978952727983707,0,0,0,0,0,0,0,0
375,18,F,5,32,121.4,40,Y,2,2,2+,2+,20,3.044522437723423,NA,NA,NA,NA,NA,NA,NA,NA
738,6,M,5,35,111.8,0,N,0,0,None,None,0,0,0,0,0,0,0,0,0,0
738,7,M,5,35,111.8,0,N,0,0,None,None,0,0,0,0,0,0,0,0,0,0
738,8,M,5,35,111.8,0,N,0,0,None,None,0,0,0,0,0,0,0,0,0,0
738,9,M,5,35,111.8,0,N,0,0,None,None,2,1.0986122886681098,0,0,0,0,0,0,0,0
738,10,M,5,35,111.8,0,N,0,0,None,None,2,1.0986122886681098,0,0,0,0,0,0,0,0
738,11,M,5,35,111.8,0,N,0,0,None,None,2,1.0986122886681098,0,0,0,0,0,0,0,0
738,12,M,5,35,111.8,0,N,0,0,None,None,2,1.0986122886681098,0,0,0,0,0,0,0,0
738,13,M,5,35,111.8,0,N,0,0,None,None,2,1.0986122886681098,1,1,1,1,0.6931471805599453,0.6931471805599453,0.6931471805599453,0.6931471805599453
738,14,M,5,35,111.8,0,N,0,0,None,None,0,0,4,1,3,3,1.6094379124341003,0.6931471805599453,1.3862943611198906,1.3862943611198906
738,15,M,5,35,111.8,0,N,0,0,None,None,0,0,0,0,0,0,0,0,0,0
738,16,M,5,35,111.8,0,N,0,0,None,None,9,2.302585092994046,0,0,5,3,0,0,1.791759469228055,1.3862943611198906
738,17,M,5,35,111.8,0,N,0,0,None,None,15,2.772588722239781,2,2,105,12,1.0986122886681098,1.0986122886681098,4.663439094112067,2.5649493574615367
738,18,M,5,35,111.8,0,N,0,0,None,None,22,3.1354942159291497,NA,NA,NA,NA,NA,NA,NA,NA
575,6,M,3,33,107.3,40,N,0,0,None,None,0,0,0,0,0,0,0,0,0,0
575,7,M,3,33,107.3,40,N,0,0,None,None,0,0,0,0,0,0,0,0,0,0
575,8,M,3,33,107.3,40,N,0,0,None,None,0,0,0,0,0,0,0,0,0,0
575,9,M,3,33,107.3,40,N,0,0,None,None,2,1.0986122886681098,0,0,0,0,0,0,0,0
575,10,M,3,33,107.3,40,N,0,0,None,None,2,1.0986122886681098,0,0,0,0,0,0,0,0
575,11,M,3,33,107.3,40,N,0,0,None,None,2,1.0986122886681098,1,1,0,0,0.6931471805599453,0.6931471805599453,0,0
575,12,M,3,33,107.3,40,N,0,0,None,None,2,1.0986122886681098,0,0,0,0,0,0,0,0
575,13,M,3,33,107.3,40,N,0,0,None,None,2,1.0986122886681098,0,0,0,0,0,0,0,0
575,14,M,3,33,107.3,40,N,0,0,None,None,0,0,0,0,0,0,0,0,0,0
575,15,M,3,33,107.3,40,N,0,0,None,None,0,0,0,0,0,0,0,0,0,0
575,16,M,3,33,107.3,40,N,0,0,None,None,0,0,1,1,0,0,0.6931471805599453,0.6931471805599453,0,0
575,17,M,3,33,107.3,40,N,0,0,None,None,0,0,0,0,0,0,0,0,0,0
575,18,M,3,33,107.3,40,N,0,0,None,None,0,0,NA,NA,NA,NA,NA,NA,NA,NA
639,6,F,2,34,126.7,0,N,0,0,None,None,0,0,0,0,0,0,0,0,0,0
639,7,F,2,34,126.7,0,N,0,0,None,None,0,0,0,0,0,0,0,0,0,0
639,8,F,2,34,126.7,0,N,0,0,None,None,0,0,0,0,0,0,0,0,0,0
639,9,F,2,34,126.7,0,N,0,0,None,None,0,0,0,0,0,0,0,0,0,0
639,10,F,2,34,126.7,0,N,0,0,None,None,0,0,0,0,0,0,0,0,0,0
639,11,F,2,34,126.7,0,N,0,0,None,None,1,0.6931471805599453,0,0,0,0,0,0,0,0
639,12,F,2,34,126.7,0,N,0,0,None,None,2,1.0986122886681098,3,3,0,0,1.3862943611198906,1.3862943611198906,0,0
639,13,F,2,34,126.7,0,N,0,0,None,None,2,1.0986122886681098,0,0,2,2,0,0,1.0986122886681098,1.0986122886681098
639,14,F,2,34,126.7,0,N,0,0,None,None,2,1.0986122886681098,0,0,1,1,0,0,0.6931471805599453,0.6931471805599453
639,15,F,2,34,126.7,0,N,0,0,None,None,4,1.6094379124341003,0,0,7,2,0,0,2.0794415416798357,1.0986122886681098
639,16,F,2,34,126.7,0,N,0,0,None,None,4,1.6094379124341003,1,1,1,1,0.6931471805599453,0.6931471805599453,0.6931471805599453,0.6931471805599453
639,17,F,2,34,126.7,0,N,0,0,None,None,4,1.6094379124341003,2,1,5,4,1.0986122886681098,0.6931471805599453,1.791759469228055,1.6094379124341003
639,18,F,2,34,126.7,0,N,0,0,None,None,5,1.791759469228055,NA,NA,NA,NA,NA,NA,NA,NA
168,6,F,5,37,122.7,40,Y,3,3,2+,2+,0,0,0,0,0,0,0,0,0,0
168,7,F,5,37,122.7,40,Y,3,3,2+,2+,0,0,0,0,0,0,0,0,0,0
168,8,F,5,37,122.7,40,Y,3,3,2+,2+,0,0,0,0,0,0,0,0,0,0
168,9,F,5,37,122.7,40,Y,3,3,2+,2+,0,0,0,0,0,0,0,0,0,0
168,10,F,5,37,122.7,40,Y,3,3,2+,2+,0,0,0,0,0,0,0,0,0,0
168,11,F,5,37,122.7,40,Y,3,3,2+,2+,0,0,0,0,0,0,0,0,0,0
168,12,F,5,37,122.7,40,Y,3,3,2+,2+,0,0,0,0,0,0,0,0,0,0
168,13,F,5,37,122.7,40,Y,3,3,2+,2+,0,0,0,0,0,0,0,0,0,0
168,14,F,5,37,122.7,40,Y,3,3,2+,2+,0,0,0,0,3,1,0,0,1.3862943611198906,0.6931471805599453
168,15,F,5,37,122.7,40,Y,3,3,2+,2+,1,0.6931471805599453,0,0,1,1,0,0,0.6931471805599453,0.6931471805599453
168,16,F,5,37,122.7,40,Y,3,3,2+,2+,1,0.6931471805599453,0,0,1,1,0,0,0.6931471805599453,0.6931471805599453
168,17,F,5,37,122.7,40,Y,3,3,2+,2+,1,0.6931471805599453,1,1,7,2,0.6931471805599453,0.6931471805599453,2.0794415416798357,1.0986122886681098
168,18,F,5,37,122.7,40,Y,3,3,2+,2+,5,1.791759469228055,NA,NA,NA,NA,NA,NA,NA,NA
737,6,M,4,31,113.9,0,Y,1,1,One,One,0,0,0,0,0,0,0,0,0,0
737,7,M,4,31,113.9,0,Y,1,1,One,One,0,0,0,0,0,0,0,0,0,0
737,8,M,4,31,113.9,0,Y,1,1,One,One,0,0,0,0,0,0,0,0,0,0
737,9,M,4,31,113.9,0,Y,1,1,One,One,0,0,0,0,0,0,0,0,0,0
737,10,M,4,31,113.9,0,Y,1,1,One,One,0,0,0,0,0,0,0,0,0,0
737,11,M,4,31,113.9,0,Y,1,1,One,One,0,0,0,0,0,0,0,0,0,0
737,12,M,4,31,113.9,0,Y,1,1,One,One,0,0,0,0,1,1,0,0,0.6931471805599453,0.6931471805599453
737,13,M,4,31,113.9,0,Y,1,1,One,One,0,0,0,0,0,0,0,0,0,0
737,14,M,4,31,113.9,0,Y,1,1,One,One,1,0.6931471805599453,5,2,0,0,1.791759469228055,1.0986122886681098,0,0
737,15,M,4,31,113.9,0,Y,1,1,One,One,1,0.6931471805599453,0,0,3,1,0,0,1.3862943611198906,0.6931471805599453
737,16,M,4,31,113.9,0,Y,1,1,One,One,5,1.791759469228055,3,1,0,0,1.3862943611198906,0.6931471805599453,0,0
737,17,M,4,31,113.9,0,Y,1,1,One,One,16,2.833213344056216,1,1,8,4,0.6931471805599453,0.6931471805599453,2.1972245773362196,1.6094379124341003
737,18,M,4,31,113.9,0,Y,1,1,One,One,22,3.1354942159291497,NA,NA,NA,NA,NA,NA,NA,NA
518,6,F,6,35,109.9,40,Y,1,1,One,One,0,0,0,0,0,0,0,0,0,0
518,7,F,6,35,109.9,40,Y,1,1,One,One,0,0,0,0,0,0,0,0,0,0
518,8,F,6,35,109.9,40,Y,1,1,One,One,0,0,0,0,0,0,0,0,0,0
518,9,F,6,35,109.9,40,Y,1,1,One,One,0,0,0,0,0,0,0,0,0,0
518,10,F,6,35,109.9,40,Y,1,1,One,One,0,0,0,0,1,1,0,0,0.6931471805599453,0.6931471805599453
518,11,F,6,35,109.9,40,Y,1,1,One,One,6,1.9459101490553132,0,0,3,3,0,0,1.3862943611198906,1.3862943611198906
518,12,F,6,35,109.9,40,Y,1,1,One,One,NA,NA,0,0,0,0,0,0,0,0
518,13,F,6,35,109.9,40,Y,1,1,One,One,10,2.3978952727983707,2,2,0,0,1.0986122886681098,1.0986122886681098,0,0
518,14,F,6,35,109.9,40,Y,1,1,One,One,11,2.4849066497880004,1,1,0,0,0.6931471805599453,0.6931471805599453,0,0
518,15,F,6,35,109.9,40,Y,1,1,One,One,17,2.8903717578961645,9,2,29,2,2.302585092994046,1.0986122886681098,3.4011973816621555,1.0986122886681098
518,16,F,6,35,109.9,40,Y,1,1,One,One,21,3.091042453358316,8,2,8,2,2.1972245773362196,1.0986122886681098,2.1972245773362196,1.0986122886681098
518,17,F,6,35,109.9,40,Y,1,1,One,One,26,3.295836866004329,5,3,13,4,1.791759469228055,1.3862943611198906,2.6390573296152584,1.6094379124341003
518,18,F,6,35,109.9,40,Y,1,1,One,One,35,3.58351893845611,NA,NA,NA,NA,NA,NA,NA,NA
151,6,F,2,28,111,0,Y,2,2,2+,2+,0,0,0,0,0,0,0,0,0,0
151,7,F,2,28,111,0,Y,2,2,2+,2+,0,0,0,0,0,0,0,0,0,0
151,8,F,2,28,111,0,Y,2,2,2+,2+,0,0,0,0,0,0,0,0,0,0
151,9,F,2,28,111,0,Y,2,2,2+,2+,0,0,0,0,0,0,0,0,0,0
151,10,F,2,28,111,0,Y,2,2,2+,2+,0,0,0,0,0,0,0,0,0,0
151,11,F,2,28,111,0,Y,2,2,2+,2+,1,0.6931471805599453,0,0,0,0,0,0,0,0
151,12,F,2,28,111,0,Y,2,2,2+,2+,NA,NA,0,0,0,0,0,0,0,0
151,13,F,2,28,111,0,Y,2,2,2+,2+,NA,NA,0,0,0,0,0,0,0,0
151,14,F,2,28,111,0,Y,2,2,2+,2+,1,0.6931471805599453,0,0,0,0,0,0,0,0
151,15,F,2,28,111,0,Y,2,2,2+,2+,2,1.0986122886681098,0,0,0,0,0,0,0,0
151,16,F,2,28,111,0,Y,2,2,2+,2+,3,1.3862943611198906,3,1,0,0,1.3862943611198906,0.6931471805599453,0,0
151,17,F,2,28,111,0,Y,2,2,2+,2+,NA,NA,0,0,2,2,0,0,1.0986122886681098,1.0986122886681098
151,18,F,2,28,111,0,Y,2,2,2+,2+,NA,NA,NA,NA,NA,NA,NA,NA,NA,NA
893,6,M,5,34,117.8,0,Y,2,2,2+,2+,0,0,0,0,0,0,0,0,0,0
893,7,M,5,34,117.8,0,Y,2,2,2+,2+,0,0,0,0,0,0,0,0,0,0
893,8,M,5,34,117.8,0,Y,2,2,2+,2+,NA,NA,0,0,0,0,0,0,0,0
893,9,M,5,34,117.8,0,Y,2,2,2+,2+,0,0,0,0,0,0,0,0,0,0
893,10,M,5,34,117.8,0,Y,2,2,2+,2+,0,0,0,0,0,0,0,0,0,0
893,11,M,5,34,117.8,0,Y,2,2,2+,2+,0,0,0,0,0,0,0,0,0,0
893,12,M,5,34,117.8,0,Y,2,2,2+,2+,0,0,0,0,0,0,0,0,0,0
893,13,M,5,34,117.8,0,Y,2,2,2+,2+,0,0,0,0,0,0,0,0,0,0
893,14,M,5,34,117.8,0,Y,2,2,2+,2+,1,0.6931471805599453,0,0,0,0,0,0,0,0
893,15,M,5,34,117.8,0,Y,2,2,2+,2+,NA,NA,2,1,2,2,1.0986122886681098,0.6931471805599453,1.0986122886681098,1.0986122886681098
893,16,M,5,34,117.8,0,Y,2,2,2+,2+,1,0.6931471805599453,3,2,0,0,1.3862943611198906,1.0986122886681098,0,0
893,17,M,5,34,117.8,0,Y,2,2,2+,2+,NA,NA,8,1,47,3,2.1972245773362196,0.6931471805599453,3.871201010907891,1.3862943611198906
893,18,M,5,34,117.8,0,Y,2,2,2+,2+,NA,NA,NA,NA,NA,NA,NA,NA,NA,NA
424,6,M,5,41,102.2,0,Y,1,1,One,One,0,0,0,0,0,0,0,0,0,0
424,7,M,5,41,102.2,0,Y,1,1,One,One,0,0,0,0,0,0,0,0,0,0
424,8,M,5,41,102.2,0,Y,1,1,One,One,0,0,0,0,0,0,0,0,0,0
424,9,M,5,41,102.2,0,Y,1,1,One,One,0,0,0,0,0,0,0,0,0,0
424,10,M,5,41,102.2,0,Y,1,1,One,One,0,0,0,0,0,0,0,0,0,0
424,11,M,5,41,102.2,0,Y,1,1,One,One,0,0,0,0,0,0,0,0,0,0
424,12,M,5,41,102.2,0,Y,1,1,One,One,2,1.0986122886681098,0,0,1,1,0,0,0.6931471805599453,0.6931471805599453
424,13,M,5,41,102.2,0,Y,1,1,One,One,2,1.0986122886681098,0,0,0,0,0,0,0,0
424,14,M,5,41,102.2,0,Y,1,1,One,One,4,1.6094379124341003,0,0,3,1,0,0,1.3862943611198906,0.6931471805599453
424,15,M,5,41,102.2,0,Y,1,1,One,One,5,1.791759469228055,3,2,20,1,1.3862943611198906,1.0986122886681098,3.044522437723423,0.6931471805599453
424,16,M,5,41,102.2,0,Y,1,1,One,One,8,2.1972245773362196,18,5,21,7,2.9444389791664403,1.791759469228055,3.091042453358316,2.0794415416798357
424,17,M,5,41,102.2,0,Y,1,1,One,One,13,2.6390573296152584,4,3,14,8,1.6094379124341003,1.3862943611198906,2.70805020110221,2.1972245773362196
424,18,M,5,41,102.2,0,Y,1,1,One,One,NA,NA,NA,NA,NA,NA,NA,NA,NA,NA
351,6,F,5,41,102.2,0,Y,1,1,One,One,0,0,0,0,0,0,0,0,0,0
351,7,F,5,41,102.2,0,Y,1,1,One,One,0,0,0,0,0,0,0,0,0,0
351,8,F,5,41,102.2,0,Y,1,1,One,One,0,0,0,0,0,0,0,0,0,0
351,9,F,5,41,102.2,0,Y,1,1,One,One,0,0,0,0,0,0,0,0,0,0
351,10,F,5,41,102.2,0,Y,1,1,One,One,0,0,1,1,0,0,0.6931471805599453,0.6931471805599453,0,0
351,11,F,5,41,102.2,0,Y,1,1,One,One,0,0,0,0,0,0,0,0,0,0
351,12,F,5,41,102.2,0,Y,1,1,One,One,3,1.3862943611198906,0,0,3,3,0,0,1.3862943611198906,1.3862943611198906
351,13,F,5,41,102.2,0,Y,1,1,One,One,1,0.6931471805599453,0,0,2,1,0,0,1.0986122886681098,0.6931471805599453
351,14,F,5,41,102.2,0,Y,1,1,One,One,3,1.3862943611198906,14,4,50,3,2.70805020110221,1.6094379124341003,3.9318256327243257,1.3862943611198906
351,15,F,5,41,102.2,0,Y,1,1,One,One,7,2.0794415416798357,6,3,34,4,1.9459101490553132,1.3862943611198906,3.5553480614894135,1.6094379124341003
351,16,F,5,41,102.2,0,Y,1,1,One,One,14,2.70805020110221,52,5,26,8,3.970291913552122,1.791759469228055,3.295836866004329,2.1972245773362196
351,17,F,5,41,102.2,0,Y,1,1,One,One,22,3.1354942159291497,17,6,91,25,2.8903717578961645,1.9459101490553132,4.5217885770490405,3.258096538021482
351,18,F,5,41,102.2,0,Y,1,1,One,One,NA,NA,NA,NA,NA,NA,NA,NA,NA,NA
950,6,F,1,23,113.2,0,N,0,0,None,None,0,0,0,0,0,0,0,0,0,0
950,7,F,1,23,113.2,0,N,0,0,None,None,0,0,0,0,0,0,0,0,0,0
950,8,F,1,23,113.2,0,N,0,0,None,None,0,0,0,0,0,0,0,0,0,0
950,9,F,1,23,113.2,0,N,0,0,None,None,0,0,0,0,0,0,0,0,0,0
950,10,F,1,23,113.2,0,N,0,0,None,None,0,0,0,0,0,0,0,0,0,0
950,11,F,1,23,113.2,0,N,0,0,None,None,0,0,0,0,0,0,0,0,0,0
950,12,F,1,23,113.2,0,N,0,0,None,None,1,0.6931471805599453,0,0,0,0,0,0,0,0
950,13,F,1,23,113.2,0,N,0,0,None,None,0,0,0,0,0,0,0,0,0,0
950,14,F,1,23,113.2,0,N,0,0,None,None,0,0,0,0,0,0,0,0,0,0
950,15,F,1,23,113.2,0,N,0,0,None,None,0,0,0,0,0,0,0,0,0,0
950,16,F,1,23,113.2,0,N,0,0,None,None,0,0,0,0,0,0,0,0,0,0
950,17,F,1,23,113.2,0,N,0,0,None,None,0,0,0,0,0,0,0,0,0,0
950,18,F,1,23,113.2,0,N,0,0,None,None,0,0,NA,NA,NA,NA,NA,NA,NA,NA
563,6,F,3,37,98,0,Y,3,3,2+,2+,0,0,0,0,0,0,0,0,0,0
563,7,F,3,37,98,0,Y,3,3,2+,2+,0,0,0,0,0,0,0,0,0,0
563,8,F,3,37,98,0,Y,3,3,2+,2+,1,0.6931471805599453,0,0,0,0,0,0,0,0
563,9,F,3,37,98,0,Y,3,3,2+,2+,1,0.6931471805599453,0,0,0,0,0,0,0,0
563,10,F,3,37,98,0,Y,3,3,2+,2+,1,0.6931471805599453,0,0,0,0,0,0,0,0
563,11,F,3,37,98,0,Y,3,3,2+,2+,1,0.6931471805599453,2,1,2,1,1.0986122886681098,0.6931471805599453,1.0986122886681098,0.6931471805599453
563,12,F,3,37,98,0,Y,3,3,2+,2+,1,0.6931471805599453,5,1,18,2,1.791759469228055,0.6931471805599453,2.9444389791664403,1.0986122886681098
563,13,F,3,37,98,0,Y,3,3,2+,2+,1,0.6931471805599453,8,1,46,1,2.1972245773362196,0.6931471805599453,3.8501476017100584,0.6931471805599453
563,14,F,3,37,98,0,Y,3,3,2+,2+,2,1.0986122886681098,0,0,21,4,0,0,3.091042453358316,1.6094379124341003
563,15,F,3,37,98,0,Y,3,3,2+,2+,2,1.0986122886681098,27,4,51,8,3.332204510175204,1.6094379124341003,3.9512437185814275,2.1972245773362196
563,16,F,3,37,98,0,Y,3,3,2+,2+,2,1.0986122886681098,104,4,175,6,4.653960350157523,1.6094379124341003,5.170483995038151,1.9459101490553132
563,17,F,3,37,98,0,Y,3,3,2+,2+,9,2.302585092994046,15,4,14,4,2.772588722239781,1.6094379124341003,2.70805020110221,1.6094379124341003
563,18,F,3,37,98,0,Y,3,3,2+,2+,14,2.70805020110221,NA,NA,NA,NA,NA,NA,NA,NA
288,6,M,4,27,110.9,0,Y,1,1,One,One,0,0,0,0,0,0,0,0,0,0
288,7,M,4,27,110.9,0,Y,1,1,One,One,2,1.0986122886681098,0,0,0,0,0,0,0,0
288,8,M,4,27,110.9,0,Y,1,1,One,One,3,1.3862943611198906,0,0,0,0,0,0,0,0
288,9,M,4,27,110.9,0,Y,1,1,One,One,3,1.3862943611198906,0,0,0,0,0,0,0,0
288,10,M,4,27,110.9,0,Y,1,1,One,One,4,1.6094379124341003,0,0,0,0,0,0,0,0
288,11,M,4,27,110.9,0,Y,1,1,One,One,9,2.302585092994046,0,0,0,0,0,0,0,0
288,12,M,4,27,110.9,0,Y,1,1,One,One,10,2.3978952727983707,0,0,0,0,0,0,0,0
288,13,M,4,27,110.9,0,Y,1,1,One,One,21,3.091042453358316,0,0,0,0,0,0,0,0
288,14,M,4,27,110.9,0,Y,1,1,One,One,21,3.091042453358316,0,0,0,0,0,0,0,0
288,15,M,4,27,110.9,0,Y,1,1,One,One,1,0.6931471805599453,0,0,0,0,0,0,0,0
288,16,M,4,27,110.9,0,Y,1,1,One,One,1,0.6931471805599453,0,0,0,0,0,0,0,0
288,17,M,4,27,110.9,0,Y,1,1,One,One,5,1.791759469228055,3,1,10,1,1.3862943611198906,0.6931471805599453,2.3978952727983707,0.6931471805599453
288,18,M,4,27,110.9,0,Y,1,1,One,One,7,2.0794415416798357,NA,NA,NA,NA,NA,NA,NA,NA
220,6,M,4,31,118.1,16,N,0,0,None,None,0,0,0,0,0,0,0,0,0,0
220,7,M,4,31,118.1,16,N,0,0,None,None,0,0,0,0,0,0,0,0,0,0
220,8,M,4,31,118.1,16,N,0,0,None,None,0,0,0,0,0,0,0,0,0,0
220,9,M,4,31,118.1,16,N,0,0,None,None,0,0,0,0,0,0,0,0,0,0
220,10,M,4,31,118.1,16,N,0,0,None,None,0,0,0,0,0,0,0,0,0,0
220,11,M,4,31,118.1,16,N,0,0,None,None,2,1.0986122886681098,0,0,7,2,0,0,2.0794415416798357,1.0986122886681098
220,12,M,4,31,118.1,16,N,0,0,None,None,NA,NA,0,0,0,0,0,0,0,0
220,13,M,4,31,118.1,16,N,0,0,None,None,1,0.6931471805599453,0,0,5,2,0,0,1.791759469228055,1.0986122886681098
220,14,M,4,31,118.1,16,N,0,0,None,None,1,0.6931471805599453,20,3,0,0,3.044522437723423,1.3862943611198906,0,0
220,15,M,4,31,118.1,16,N,0,0,None,None,4,1.6094379124341003,3,1,1,1,1.3862943611198906,0.6931471805599453,0.6931471805599453,0.6931471805599453
220,16,M,4,31,118.1,16,N,0,0,None,None,4,1.6094379124341003,3,2,109,9,1.3862943611198906,1.0986122886681098,4.700480365792417,2.302585092994046
220,17,M,4,31,118.1,16,N,0,0,None,None,10,2.3978952727983707,62,5,20,5,4.143134726391533,1.791759469228055,3.044522437723423,1.791759469228055
220,18,M,4,31,118.1,16,N,0,0,None,None,19,2.995732273553991,NA,NA,NA,NA,NA,NA,NA,NA
